{"cameraMode":{"drawMode":0,"name":"Shaded","section":"Shading Mode"},"sceneLighting":true,"audioPlay":false,"sceneViewState":{"showFog":true,"showMaterialUpdate":false,"showSkybox":true,"showFlares":true,"showImageEffects":true,"showParticleSystems":true},"in2DMode":false,"pivot":{"x":18.779600143432618,"y":-9.709627151489258,"z":414.6978454589844},"rotation":{"x":0.010807317681610585,"y":0.022492077201604844,"z":-0.00018867642211262137,"w":0.9997073411941528},"size":417.9968566894531,"orthographic":false}