{"cameraMode":{"drawMode":0,"name":"Shaded","section":"Shading Mode"},"sceneLighting":false,"audioPlay":false,"sceneViewState":{"showFog":true,"showMaterialUpdate":false,"showSkybox":false,"showFlares":true,"showImageEffects":true,"showParticleSystems":true},"in2DMode":false,"pivot":{"x":-0.28587332367897036,"y":-0.6205295920372009,"z":-3.367968797683716},"rotation":{"x":0.0022798895370215179,"y":-0.9970664978027344,"z":0.0692174881696701,"w":0.033207010477781299},"size":4.422619342803955,"orthographic":false}